INSERT INTO goods (id, goods_name, weight, scancode) VALUES (1, 'Макарони (уп.)', false, '201');
INSERT INTO goods (id, goods_name, weight, scancode) VALUES (2, 'Курка (кг.)', true, '203');
INSERT INTO goods (id, goods_name, weight, scancode) VALUES (3, 'Курячі крила (кг.)', true, '205');
INSERT INTO goods (id, goods_name, weight, scancode) VALUES (4, 'Фарш курячий заморожений (кг.)', true, '207');
INSERT INTO goods (id, goods_name, weight, scancode) VALUES (5, 'Фарш домашній заморожений (кг.)', true, '209');
INSERT INTO goods (id, goods_name, weight, scancode) VALUES (6, 'Гречка (уп.)', false, '211');
INSERT INTO goods (id, goods_name, weight, scancode) VALUES (7, 'Рис (уп.)', false, '213');
INSERT INTO goods (id, goods_name, weight, scancode) VALUES (8, 'Соняшникова олія (пл.)', false, '215');
INSERT INTO goods (id, goods_name, weight, scancode) VALUES (9, 'Борошно пшеничне (кг.)', true, '217');
INSERT INTO goods (id, goods_name, weight, scancode) VALUES (10, 'Крупа манна (уп.)', false, '219');
INSERT INTO goods (id, goods_name, weight, scancode) VALUES (11, 'Яйця курячі (уп.)', false, '221');
INSERT INTO goods (id, goods_name, weight, scancode) VALUES (12, 'Молоко (уп.)', false, '223');
INSERT INTO goods (id, goods_name, weight, scancode) VALUES (13, 'Масло вершкове (уп.)', false, '225');
INSERT INTO goods (id, goods_name, weight, scancode) VALUES (14, 'Капуста (кг.)', true, '227');
INSERT INTO goods (id, goods_name, weight, scancode) VALUES (15, 'Картопля (кг.)', true, '229');
INSERT INTO goods (id, goods_name, weight, scancode) VALUES (16, 'Помідори (кг.)', true, '231');
INSERT INTO goods (id, goods_name, weight, scancode) VALUES (17, 'Буряк (кг.)', true, '233');
INSERT INTO goods (id, goods_name, weight, scancode) VALUES (18, 'Морква (кг.)', true, '235');
INSERT INTO goods (id, goods_name, weight, scancode) VALUES (19, 'Цибуля (кг.)', true, '237');
INSERT INTO goods (id, goods_name, weight, scancode) VALUES (20, 'Горбуша (уп.)', false, '239');
INSERT INTO goods (id, goods_name, weight, scancode) VALUES (21, 'Горошок (уп.)', false, '241');
INSERT INTO goods (id, goods_name, weight, scancode) VALUES (22, 'Сіль (уп.)', false, '243');
INSERT INTO goods (id, goods_name, weight, scancode) VALUES (23, 'Цукор (кг.)', true, '245');
INSERT INTO goods (id, goods_name, weight, scancode) VALUES (24, 'Майонез (уп.)', false, '247');
INSERT INTO goods (id, goods_name, weight, scancode) VALUES (25, 'Перець (кг.)', true, '249');
INSERT INTO goods (id, goods_name, weight, scancode) VALUES (26, 'Лавровий лист (уп.)', false, '251');
INSERT INTO goods (id, goods_name, weight, scancode) VALUES (27, 'Чай (уп.)', false, '253');
INSERT INTO goods (id, goods_name, weight, scancode) VALUES (28, 'Energizer (pcs.)', false, '255');
INSERT INTO goods (id, goods_name, weight, scancode) VALUES (29, 'Protein bar (pcs.)', false, '257');
INSERT INTO goods (id, goods_name, weight, scancode) VALUES (30, 'Mug (pcs.)', false, '259');
INSERT INTO goods (id, goods_name, weight, scancode) VALUES (31, 'USB type C (pcs.)', false, '261');
INSERT INTO goods (id, goods_name, weight, scancode) VALUES (32, 'PowerBank (pcs.)', false, '263');
INSERT INTO goods (id, goods_name, weight, scancode) VALUES (33, 'Headphone (pcs.)', false, '265');
INSERT INTO goods (id, goods_name, weight, scancode) VALUES (34, 'Duracell (pcs.)', false, '267');

INSERT INTO goods_amount (good_id, warehouse_id, amount) VALUES (1, 1, 10);
INSERT INTO goods_amount (good_id, warehouse_id, amount) VALUES (2, 1, 20);
INSERT INTO goods_amount (good_id, warehouse_id, amount) VALUES (3, 1, 5);
INSERT INTO goods_amount (good_id, warehouse_id, amount) VALUES (4, 1, 20);
INSERT INTO goods_amount (good_id, warehouse_id, amount) VALUES (5, 1, 20);
INSERT INTO goods_amount (good_id, warehouse_id, amount) VALUES (6, 1, 11);
INSERT INTO goods_amount (good_id, warehouse_id, amount) VALUES (7, 1, 21);
INSERT INTO goods_amount (good_id, warehouse_id, amount) VALUES (8, 1, 15);
INSERT INTO goods_amount (good_id, warehouse_id, amount) VALUES (9, 1, 17);
INSERT INTO goods_amount (good_id, warehouse_id, amount) VALUES (10, 1, 19);
INSERT INTO goods_amount (good_id, warehouse_id, amount) VALUES (11, 1, 22);
INSERT INTO goods_amount (good_id, warehouse_id, amount) VALUES (12, 1, 20);
INSERT INTO goods_amount (good_id, warehouse_id, amount) VALUES (13, 1, 5);
INSERT INTO goods_amount (good_id, warehouse_id, amount) VALUES (14, 1, 2);
INSERT INTO goods_amount (good_id, warehouse_id, amount) VALUES (15, 1, 2);
INSERT INTO goods_amount (good_id, warehouse_id, amount) VALUES (16, 1, 2);
INSERT INTO goods_amount (good_id, warehouse_id, amount) VALUES (17, 1, 33);
INSERT INTO goods_amount (good_id, warehouse_id, amount) VALUES (18, 1, 35);
INSERT INTO goods_amount (good_id, warehouse_id, amount) VALUES (19, 1, 23);
INSERT INTO goods_amount (good_id, warehouse_id, amount) VALUES (20, 1, 9);
INSERT INTO goods_amount (good_id, warehouse_id, amount) VALUES (21, 1, 24);
INSERT INTO goods_amount (good_id, warehouse_id, amount) VALUES (22, 1, 24);
INSERT INTO goods_amount (good_id, warehouse_id, amount) VALUES (23, 1, 45);
INSERT INTO goods_amount (good_id, warehouse_id, amount) VALUES (24, 1, 4);
INSERT INTO goods_amount (good_id, warehouse_id, amount) VALUES (25, 1, 29);
INSERT INTO goods_amount (good_id, warehouse_id, amount) VALUES (26, 1, 25);
INSERT INTO goods_amount (good_id, warehouse_id, amount) VALUES (27, 1, 25);
INSERT INTO goods_amount (good_id, warehouse_id, amount) VALUES (28, 1, 5);
INSERT INTO goods_amount (good_id, warehouse_id, amount) VALUES (29, 1, 5);
INSERT INTO goods_amount (good_id, warehouse_id, amount) VALUES (30, 1, 25);
INSERT INTO goods_amount (good_id, warehouse_id, amount) VALUES (31, 1, 2);
INSERT INTO goods_amount (good_id, warehouse_id, amount) VALUES (32, 1, 26);
INSERT INTO goods_amount (good_id, warehouse_id, amount) VALUES (33, 1, 26);
INSERT INTO goods_amount (good_id, warehouse_id, amount) VALUES (34, 1, 100);

INSERT INTO goods_price (good_id, price) VALUES (1, 10.00);
INSERT INTO goods_price (good_id, price) VALUES (2, 20.00);
INSERT INTO goods_price (good_id, price) VALUES (3, 5.00);
INSERT INTO goods_price (good_id, price) VALUES (4, 20.00);
INSERT INTO goods_price (good_id, price) VALUES (5, 20.00);
INSERT INTO goods_price (good_id, price) VALUES (6, 11.00);
INSERT INTO goods_price (good_id, price) VALUES (7, 21.00);
INSERT INTO goods_price (good_id, price) VALUES (8, 15.00);
INSERT INTO goods_price (good_id, price) VALUES (9, 17.00);
INSERT INTO goods_price (good_id, price) VALUES (10, 19.00);
INSERT INTO goods_price (good_id, price) VALUES (11, 22.00);
INSERT INTO goods_price (good_id, price) VALUES (12, 20.10);
INSERT INTO goods_price (good_id, price) VALUES (13, 5.20);
INSERT INTO goods_price (good_id, price) VALUES (14, 2.75);
INSERT INTO goods_price (good_id, price) VALUES (15, 2.45);
INSERT INTO goods_price (good_id, price) VALUES (16, 2.50);
INSERT INTO goods_price (good_id, price) VALUES (17, 33.00);
INSERT INTO goods_price (good_id, price) VALUES (18, 35.00);
INSERT INTO goods_price (good_id, price) VALUES (19, 23.00);
INSERT INTO goods_price (good_id, price) VALUES (20, 9.50);
INSERT INTO goods_price (good_id, price) VALUES (21, 24.00);
INSERT INTO goods_price (good_id, price) VALUES (22, 24.00);
INSERT INTO goods_price (good_id, price) VALUES (23, 45.00);
INSERT INTO goods_price (good_id, price) VALUES (24, 4.00);
INSERT INTO goods_price (good_id, price) VALUES (25, 29.00);
INSERT INTO goods_price (good_id, price) VALUES (26, 25.00);
INSERT INTO goods_price (good_id, price) VALUES (27, 25.00);
INSERT INTO goods_price (good_id, price) VALUES (28, 5.00);
INSERT INTO goods_price (good_id, price) VALUES (29, 5.00);
INSERT INTO goods_price (good_id, price) VALUES (30, 25.00);
INSERT INTO goods_price (good_id, price) VALUES (31, 2.00);
INSERT INTO goods_price (good_id, price) VALUES (32, 26.00);
INSERT INTO goods_price (good_id, price) VALUES (33, 26.00);
INSERT INTO goods_price (good_id, price) VALUES (34, 30.25);
